{"cameraMode":{"drawMode":0,"name":"Shaded","section":"Shading Mode"},"sceneLighting":false,"audioPlay":false,"sceneViewState":{"m_AlwaysRefresh":false,"showFog":true,"showSkybox":false,"showFlares":true,"showImageEffects":true,"showParticleSystems":true,"showVisualEffectGraphs":true,"m_FxEnabled":true},"in2DMode":false,"pivot":{"x":-0.11986687779426575,"y":1.2110209465026856,"z":0.10206957161426544},"rotation":{"x":0.10333345830440521,"y":-0.5187467932701111,"z":0.06333977729082108,"w":0.8462920188903809},"size":0.8049752116203308,"orthographic":false}