{"cameraMode":{"drawMode":0,"name":"Shaded","section":"Shading Mode"},"sceneLighting":false,"audioPlay":false,"sceneViewState":{"m_AlwaysRefresh":false,"showFog":true,"showSkybox":false,"showFlares":true,"showImageEffects":true,"showParticleSystems":true,"showVisualEffectGraphs":true,"m_FxEnabled":true},"in2DMode":false,"pivot":{"x":0.024841614067554475,"y":0.4935879111289978,"z":25.5760555267334},"rotation":{"x":0.14347827434539796,"y":0.19894979894161225,"z":-0.02945810928940773,"w":0.9690020680427551},"size":1.0314393043518067,"orthographic":false}